file,positive_score,negative_score,polarity_score,subjectivity_score,sentiment_score_categorization,average_sentence_length,complex_words,word_count,percentage_complex_words,fog_index,constraining_score,uncertainty_score,positive_score_propotion,negative_score_propotion,constraining_score_propotion,uncertainty_score_propotion,constraining_words_whole_report
0000004457-00-000018.txt.txt,19,-81,-1.6129032518210202,-0.008535242289573893,Most Negative,22.629283489096572,3400,7264,0.46806167400881055,9.238938065242154,28,-34,0.0026156387665198237,-0.011150881057268722,0.003854625550660793,-0.004680616740088106,162.65359477124184
0000004457-00-000067.txt.txt,220,-939,-1.6119610592655926,-0.013327648846790842,Most Negative,20.365420913552285,28687,53948,0.5317527989916215,8.358869485017562,371,-490,0.004078001038036628,-0.017405649885074516,0.0068769926595981315,-0.009082820493808853,162.65359477124184
0000004457-00-000080.txt.txt,19,-59,-1.950000048750001,-0.008373456142270575,Most Negative,25.96195652173913,2183,4777,0.4569813690600795,10.567575156319684,20,-24,0.003977391668411137,-0.012350847812434583,0.004186728072011723,-0.0050240736864140675,162.65359477124184
0000004457-00-000105.txt.txt,45,-195,-1.6000000106666667,-0.012885490936097801,Most Negative,20.86200716845878,6086,11641,0.5228073189588524,8.553925794967054,66,-91,0.003865647281161412,-0.01675113821836612,0.005669616012370072,-0.007817197835237523,162.65359477124184
0000004457-01-500024.txt.txt,35,-222,-1.3743315581515057,-0.01846548829678429,Most Negative,18.68450184501845,5042,10127,0.4978769625752938,7.672951523037497,52,-73,0.0034561074355682828,-0.021921595734175965,0.005134788189987163,-0.007208452651328133,162.65359477124184
0000004457-01-500060.txt.txt,0,-9,-1.0000001111111234,-0.015463917499202891,Most Negative,25.304347826086957,265,582,0.45532646048109965,10.303869714627224,4,-6,0.0,-0.015463917525773196,0.006872852233676976,-0.010309278350515464,162.65359477124184
0000004457-01-500063.txt.txt,67,-361,-1.4557823178768106,-0.013628146293346861,Most Negative,21.68140703517588,10171,21573,0.47146896583692577,8.861150400405123,107,-179,0.003105734019376072,-0.016733880313354658,0.004959903583182682,-0.00829740879803458,162.65359477124184
0000004457-01-500081.txt.txt,9,-41,-1.5625000488281267,-0.007708985784700316,Most Negative,22.317204301075268,1986,4151,0.4784389303782221,9.118257292581395,21,-30,0.0021681522524692846,-0.00987713803902674,0.00505902192242833,-0.007227174174897615,162.65359477124184
0000004457-01-500083.txt.txt,14,-123,-1.25688074547597,-0.018642038649112017,Most Negative,22.662790697674417,2734,5847,0.4675902172054045,9.252152365951929,14,-28,0.0023943902856165553,-0.02103642893791688,0.0023943902856165553,-0.004788780571233111,162.65359477124184
0000004457-99-000043.txt.txt,20,-88,-1.5882353174740487,-0.008986388263646571,Most Negative,22.25588235294118,3467,7567,0.4581736487379411,9.085622400671648,27,-39,0.0026430553720100435,-0.011629443636844192,0.003568124752213559,-0.005153957975419585,162.65359477124184
0000004515-08-000073.txt.txt,74,-665,-1.2504230139601067,-0.03132951653777939,Most Negative,21.339366515837103,10708,18864,0.5676420695504665,8.762803434155028,224,-243,0.0039228159457167094,-0.03525233248515691,0.011874469889737066,-0.012881679389312978,162.65359477124184
0000004515-09-000008.txt.txt,307,-2213,-1.32214060929808,-0.0255362478057646,Most Negative,15.996356622374625,43233,74639,0.5792280175243505,6.630233855959592,627,-696,0.004113131204866088,-0.029649379010972816,0.00840043408941706,-0.009324883773898365,162.65359477124184
0000004515-09-000018.txt.txt,34,-330,-1.2297297338842221,-0.03410138248455053,Most Negative,22.31362467866324,4330,8680,0.4988479262672811,9.124989041972208,89,-124,0.00391705069124424,-0.038018433179723504,0.010253456221198156,-0.014285714285714285,162.65359477124184
0000004515-09-000029.txt.txt,121,-801,-1.355882354935121,-0.027099191008364915,Most Negative,22.26530612244898,13066,25093,0.5207029848961862,9.114403642938067,301,-377,0.0048220619296218065,-0.03192125293906667,0.0119953771968278,-0.01502411030964811,162.65359477124184
0000004515-09-000039.txt.txt,90,-609,-1.3468208118435854,-0.03714837878196633,Most Negative,25.082585278276483,7009,13971,0.5016820556867797,10.233706933585305,170,-287,0.006441915396177797,-0.04359029418080309,0.012168062415002505,-0.020542552430033643,162.65359477124184
0000004515-09-000041.txt.txt,1,-73,-1.0277777920524693,-0.030214015933607213,Most Negative,30.55128205128205,1448,2383,0.6076374318086446,12.46356779323628,27,-16,0.000419639110365086,-0.03063365505665128,0.011330255979857323,-0.006714225765841376,162.65359477124184
0000004515-10-000006.txt.txt,202,-928,-1.5564738313450053,-0.022879112567033937,Most Negative,24.37173579109063,16229,31732,0.5114395562838775,9.953270138949804,348,-551,0.006365813689650826,-0.029244926257405775,0.010966847346527165,-0.017364174965334676,162.65359477124184
0000004515-10-000016.txt.txt,61,-387,-1.3742331330497948,-0.03564789502070553,Most Negative,27.71212121212121,4398,9145,0.4809185347184254,11.277215898735856,88,-137,0.006670311645708037,-0.042318206670311644,0.009622744669218152,-0.014980863860032804,162.65359477124184
0000005588-98-000008.txt.txt,45,-155,-1.818181834710744,-0.011844513835270323,Most Negative,25.654696132596683,4525,9287,0.4872402282760849,10.45677454434911,73,-97,0.004845482933132335,-0.016689996769678046,0.007860450091525788,-0.010444707655863035,162.65359477124184
0000005588-98-000010.txt.txt,0,-2,-1.0000005000002499,-0.0051150895009844256,Most Negative,97.75,172,391,0.4398976982097187,39.27595907928389,4,-1,0.0,-0.005115089514066497,0.010230179028132993,-0.0025575447570332483,162.65359477124184
0000005907-00-000014.txt.txt,350,-518,-5.166666697420635,-0.0029636424576540716,Most Negative,19.779134682484298,28692,56687,0.5061477940268492,8.11411299060446,419,-583,0.006174255120221568,-0.00913789757792792,0.007391465415350963,-0.01028454495739764,162.65359477124184
0000005907-00-000025.txt.txt,75,-136,-3.4590164501478107,-0.004577174157381468,Most Negative,27.535123966942148,6147,13327,0.461244090943198,11.198547223154138,52,-125,0.005627673144743753,-0.010204847302468673,0.003901853380355669,-0.00937945524123959,162.65359477124184
0000005907-00-000031.txt.txt,112,-202,-3.488888927654321,-0.003951180963914691,Most Negative,26.121559633027523,10413,22778,0.45715163754499955,10.63148450822901,89,-204,0.004917025199754148,-0.008868206163842304,0.003907278953376065,-0.008956010185266485,162.65359477124184
0000005907-00-000038.txt.txt,122,-270,-2.6486486665449234,-0.0057699805065976615,Most Negative,25.90909090909091,12353,25650,0.48159844054580897,10.556275739854689,97,-252,0.004756335282651072,-0.010526315789473684,0.003781676413255361,-0.009824561403508772,162.65359477124184
0000005907-01-000002.txt.txt,148,-335,-2.582887714346993,-0.008706988871410951,Most Negative,22.678986272439282,10875,21477,0.5063556362620478,9.274136763480533,82,-203,0.00689109279694557,-0.015598081668761931,0.0038180379010103833,-0.009451971876891558,162.65359477124184
0000005907-01-000012.txt.txt,685,-1912,-2.116544419002889,-0.009642436149236603,Most Negative,24.04572940287226,62764,127250,0.4932337917485265,9.815585277848315,910,-1609,0.005383104125736738,-0.015025540275049116,0.007151277013752456,-0.012644400785854618,162.65359477124184
0000005907-01-000015.txt.txt,685,-1922,-2.107518190871074,-0.009663232065918842,Most Negative,24.03962441314554,63133,128011,0.49318417948457555,9.813123437052047,912,-1627,0.005351102639616908,-0.015014334705611237,0.0071243877479279126,-0.012709845247674028,162.65359477124184
0000005907-99-000027.txt.txt,164,-370,-2.5922330222923935,-0.006449391064573764,Most Negative,27.798955613577025,14105,31941,0.4415954415954416,11.296220422068988,173,-300,0.005134466672928211,-0.011583857737703892,0.005416236185466955,-0.009392317084624777,162.65359477124184
0000005907-99-000037.txt.txt,180,-367,-2.9251337054819984,-0.005771426807636449,Most Negative,27.693162393162392,14593,32401,0.45038733372426776,11.257419890754665,166,-303,0.005555384093083547,-0.01132681090089812,0.005123298663621493,-0.009351563223357303,162.65359477124184
0000006071-00-000002.txt.txt,75,-240,-1.909090920661157,-0.009351620947100906,Most Negative,21.02979737783075,8489,17644,0.4811267286329631,8.604369642585485,79,-161,0.004250736794377692,-0.013602357742008615,0.004477442756744502,-0.009124914985264113,162.65359477124184
0000006071-00-000011.txt.txt,1,-50,-1.0408163477717622,-0.012580231062238708,Most Negative,23.895705521472394,1685,3895,0.4326059050064185,9.731324570591525,21,-64,0.00025673940949935817,-0.012836970474967908,0.005391527599486521,-0.016431322207958923,162.65359477124184
0000006071-98-000023.txt.txt,6,-19,-1.9230770710059284,-0.004057428213465222,Most Negative,27.620689655172413,1410,3204,0.4400749063670412,11.224305824615783,14,-17,0.0018726591760299626,-0.005930087390761548,0.004369538077403246,-0.005305867665418227,162.65359477124184
0000006071-98-000026.txt.txt,8,-26,-1.8888889938271665,-0.004863550390471886,Most Negative,27.414814814814815,1659,3701,0.4482572277762767,11.145228817036438,18,-21,0.0021615779519048904,-0.007025128343690895,0.004863550391786004,-0.005674142123750338,162.65359477124184
0000006071-99-000013.txt.txt,4,-59,-1.145454566280992,-0.012880562057873404,Most Negative,23.46153846153846,1809,4270,0.4236533957845433,9.554076742929203,24,-102,0.000936768149882904,-0.013817330210772834,0.005620608899297424,-0.023887587822014052,162.65359477124184
0000006071-99-000015.txt.txt,32,-151,-1.5378151389732364,-0.012746358182010887,Most Negative,23.398496240601503,4629,9336,0.4958226221079691,9.55772754508379,58,-135,0.003427592116538132,-0.01617395029991431,0.006212510711225364,-0.014460154241645245,162.65359477124184
0000006071-99-000017.txt.txt,10,-72,-1.3225806664932365,-0.009833465502008967,Most Negative,24.25,2822,6305,0.4475812846946868,9.879032513877874,29,-44,0.0015860428231562252,-0.011419508326724821,0.004599524187153053,-0.006978588421887391,162.65359477124184
0000006201-00-000009.txt.txt,11,-108,-1.2268041363588056,-0.023311703911725136,Most Negative,25.371951219512194,1954,4161,0.4695986541696707,10.336619949472746,29,-46,0.0026435952895938475,-0.02595529920692141,0.006969478490747416,-0.011055034847392453,162.65359477124184
0000006201-00-000017.txt.txt,25,-137,-1.4464285843431124,-0.021526042663554477,Most Negative,25.757425742574256,2421,5203,0.4653084758793004,10.489093687381423,27,-59,0.0048049202383240435,-0.026330962906015762,0.005189313857389967,-0.011339611762444744,162.65359477124184
0000006201-01-500032.txt.txt,15,-138,-1.2439024491374182,-0.019135034222287642,Most Negative,26.56198347107438,3003,6428,0.4671748599875544,10.811663332424775,34,-99,0.0023335407591785935,-0.021468574984443062,0.005289359054138146,-0.015401369010578718,162.65359477124184
0000006201-01-500047.txt.txt,28,-210,-1.3076923148774302,-0.021625475282601534,Most Negative,25.425981873111784,4142,8416,0.4921577946768061,10.367255867115437,63,-145,0.003326996197718631,-0.024952471482889736,0.00748574144486692,-0.017229087452471484,162.65359477124184
0000006201-02-000015.txt.txt,6,-107,-1.1188118922654642,-0.02399619861629931,Most Negative,24.47093023255814,2020,4209,0.4799239724400095,9.98034168199926,34,-53,0.0014255167498218105,-0.025421715371822286,0.008077928248990259,-0.012592064623425991,162.65359477124184
0000006201-02-000035.txt.txt,45,-311,-1.3383458696930295,-0.016825858687024742,Most Negative,21.392422192151557,7983,15809,0.5049655259662218,8.758955087247111,97,-210,0.00284647985324815,-0.019672338541337212,0.006135745461446011,-0.013283572648491365,162.65359477124184
0000006201-02-000052.txt.txt,33,-251,-1.3027522995539096,-0.022758116711268594,Most Negative,25.88918918918919,4782,9579,0.499217037269026,10.555362490583287,69,-112,0.0034450360162856246,-0.026203152729930054,0.007203257124960852,-0.011692243449211817,162.65359477124184
0000006201-03-000012.txt.txt,0,-10,-1.0000001000000098,-0.01703577509874655,Most Negative,27.952380952380953,272,587,0.46337308347529815,11.3663016143425,3,-7,0.0,-0.017035775127768313,0.005110732538330494,-0.01192504258943782,162.65359477124184
0000006201-03-000030.txt.txt,25,-251,-1.2212389434568094,-0.022695320343171788,Most Negative,23.15813953488372,4969,9958,0.49899578228559954,9.462854126867729,99,-138,0.002510544286001205,-0.0252058646314521,0.009941755372564772,-0.013858204458726651,162.65359477124184
0000006201-03-000045.txt.txt,47,-313,-1.3533834637345243,-0.021114462611437176,Most Negative,24.897233201581027,6362,12598,0.50500079377679,10.160893598143128,144,-170,0.0037307509128433084,-0.024845213525956502,0.011430385775519924,-0.013494205429433243,162.65359477124184
0000006201-08-000060.txt.txt,87,-684,-1.2914572885954059,-0.0280901519772225,Most Negative,21.820328542094455,11834,21253,0.5568155083988143,8.950857620197308,233,-262,0.004093539735566743,-0.03218369171411095,0.0109631581423799,-0.012327671387568814,162.65359477124184
0000006201-09-000009.txt.txt,383,-2507,-1.3606403019588702,-0.021716237078923634,Most Negative,16.88656767955801,53911,97807,0.5511977670309895,6.975106178635599,824,-901,0.003915875141861012,-0.025632112221006677,0.008424754874395493,-0.009212019589599926,162.65359477124184
0000006201-09-000016.txt.txt,36,-344,-1.2337662377719683,-0.03223105901713781,Most Negative,22.80668257756563,4702,9556,0.49204688154039344,9.31949178364241,98,-142,0.0037672666387609877,-0.03599832565927166,0.010255336961071579,-0.014859773964001675,162.65359477124184
0000006201-09-000029.txt.txt,119,-822,-1.3385490772952333,-0.02609696339646236,Most Negative,22.58005029337804,13827,26938,0.5132897765238696,9.237336027960763,305,-397,0.004417551414358898,-0.030514514811790037,0.011322295641844235,-0.014737545474793971,162.65359477124184
0000006201-09-000038.txt.txt,96,-628,-1.3609022581971848,-0.033310375052701124,Most Negative,25.80129240710824,7853,15971,0.49170371297977583,10.517198448035206,179,-311,0.006010894746728446,-0.03932126980151525,0.011207814163170748,-0.01947279443992236,162.65359477124184
0000006201-09-000040.txt.txt,1,-73,-1.0277777920524693,-0.030264817137341398,Most Negative,30.896103896103895,1423,2379,0.598150483396385,12.597701751800113,27,-16,0.0004203446826397646,-0.030685161832702815,0.011349306431273645,-0.006725514922236234,162.65359477124184
0000006201-10-000006.txt.txt,232,-1681,-1.320220842871098,-0.02765847792422725,Most Negative,26.811156601842374,27771,52389,0.5300921949264159,10.936499518707516,425,-661,0.00442841054419821,-0.032086888468953405,0.008112390005535514,-0.012617152455668175,162.65359477124184
0000006201-10-000013.txt.txt,61,-396,-1.3641791085497883,-0.034917656865236846,Most Negative,28.81081081081081,4578,9594,0.47717323327079425,11.715193617632643,92,-140,0.006358140504481968,-0.04127579737335835,0.009589326662497394,-0.01459245361684386,162.65359477124184
0000006201-99-000023.txt.txt,16,-150,-1.2388059793940744,-0.018993621542311323,Most Negative,26.03321033210332,3329,7055,0.47186392629340895,10.602029703358692,31,-74,0.002267895109851169,-0.021261516654854713,0.004394046775336641,-0.010489014883061658,162.65359477124184
0000006201-99-000028.txt.txt,16,-134,-1.2711864514507325,-0.016954022986069822,Most Negative,26.06741573033708,3386,6960,0.48649425287356324,10.621563993284257,33,-79,0.0022988505747126436,-0.019252873563218392,0.0047413793103448275,-0.011350574712643679,162.65359477124184
0000006260-94-000014.txt.txt,3,-13,-1.6000001600000158,-0.004302925987821461,Most Negative,2.8067632850241546,1087,2324,0.4677280550774527,1.309796536040643,6,-10,0.0012908777969018934,-0.005593803786574871,0.0025817555938037868,-0.004302925989672977,162.65359477124184
0000006260-94-000016.txt.txt,2,-13,-1.363636487603317,-0.004666949510111604,Most Negative,2.877899877899878,1023,2357,0.4340263046245227,1.3247704730097603,6,-14,0.0008485362749257531,-0.005515485787017395,0.002545608824777259,-0.005939753924480272,162.65359477124184
0000006260-97-000011.txt.txt,95,-382,-1.6620209117143585,-0.014372277028675834,Most Negative,25.634146341463413,10511,19969,0.5263658670939957,10.464204883422966,128,-206,0.004757373929590866,-0.01912965095898643,0.006409935399869798,-0.010315989784165456,162.65359477124184
0000006260-98-000001.txt.txt,21,-143,-1.3442623061005108,-0.021261763677019558,Most Negative,25.277533039647576,3105,5738,0.5411293133495991,10.32746494119887,44,-37,0.0036598117811084,-0.024921575461833392,0.007668177065179505,-0.006448239804810039,162.65359477124184
0000006260-98-000003.txt.txt,17,-55,-1.8947368919667602,-0.010786261705709265,Most Negative,29.358333333333334,1578,3523,0.44791370990632984,11.922498817295867,21,-30,0.004825432869713313,-0.015611694578484247,0.005960828839057622,-0.008515469770082317,162.65359477124184
0000006260-99-000005.txt.txt,10,-58,-1.416666696180556,-0.013430330158525369,Most Negative,22.198757763975156,1815,3574,0.5078343592613318,9.082636849294595,19,-59,0.0027979854504756574,-0.016228315612758813,0.005316172355903749,-0.01650811415780638,162.65359477124184
0000006260-99-000007.txt.txt,44,-206,-1.5432098860691967,-0.016901408448940905,Most Negative,22.03448275862069,5055,9585,0.5273865414710485,9.024747720036697,57,-176,0.004590505998956703,-0.021491914449660927,0.00594679186228482,-0.01836202399582681,162.65359477124184
0000006260-99-000010.txt.txt,13,-129,-1.224137941587396,-0.022484977704499906,Most Negative,22.333333333333332,2486,5159,0.48187633262260127,9.126083866382373,23,-70,0.0025198681915099825,-0.025004845900368288,0.004458228338825354,-0.013568521031207599,162.65359477124184
0000011860-00-000019.txt.txt,406,-1409,-1.8095712879457342,-0.013283536625567385,Most Negative,23.197235023041475,39912,75507,0.5285867535460288,9.490328710635003,923,-686,0.005376984915305865,-0.018660521541049174,0.01222403220893427,-0.009085250374137497,162.65359477124184
0000011860-00-000022.txt.txt,12,-28,-2.50000015625001,-0.008579088467249817,Most Negative,9.053398058252426,796,1865,0.4268096514745308,3.7920830838907835,8,-11,0.006434316353887399,-0.015013404825737266,0.004289544235924933,-0.005898123324396783,162.65359477124184
0000011860-00-000025.txt.txt,10,-14,-6.0000015000003755,-0.0014005602235992436,Most Negative,28.277227722772277,1301,2856,0.45553221288515405,11.493103974262972,14,-32,0.0035014005602240898,-0.004901960784313725,0.004901960784313725,-0.011204481792717087,162.65359477124184
0000011860-00-000028.txt.txt,27,-27,54000000.0,0.0,Very Positive,12.843575418994414,981,2299,0.4267072640278382,5.308113073208901,8,-13,0.0117442366246194,-0.0117442366246194,0.0034797738147020443,-0.005654632448890822,162.65359477124184
0000011860-00-000038.txt.txt,18,-58,-1.9000000475000012,-0.016467682166954434,Most Negative,11.142201834862385,1056,2429,0.43474680938657884,4.630779457699586,10,-17,0.007410456978180321,-0.02387813915191437,0.004116920543433511,-0.00699876492383697,162.65359477124184
0000011860-98-000022.txt.txt,52,-198,-1.7123287788515669,-0.019915427633349414,Most Negative,26.952205882352942,3608,7331,0.49215659528031647,10.977744991053305,29,-61,0.00709316600736598,-0.027008593643432,0.003955804119492565,-0.008320829354794708,162.65359477124184
0000011860-99-000025.txt.txt,7,-42,-1.400000040000001,-0.01314307171868454,Most Negative,10.203065134099617,1175,2663,0.44123169357867065,4.257718731071315,7,-26,0.0026286143447239955,-0.015771686068343973,0.0026286143447239955,-0.00976342470897484,162.65359477124184
0000011860-99-000030.txt.txt,14,-13,26.999973000027,0.00030303030293847566,Very Positive,33.0,1416,3300,0.4290909090909091,13.371636363636364,13,-27,0.004242424242424243,-0.00393939393939394,0.00393939393939394,-0.008181818181818182,162.65359477124184
0000011860-99-000035.txt.txt,12,-56,-1.5454545805785131,-0.014497528825536236,Most Negative,13.922018348623853,1356,3035,0.44678747940691926,5.747522331212309,10,-33,0.003953871499176277,-0.018451400329489293,0.0032948929159802307,-0.010873146622734762,162.65359477124184
0000011860-99-000042.txt.txt,41,-219,-1.4606741655094053,-0.015350120729962908,Most Negative,17.05294117647059,5989,11596,0.5164711969644705,7.027764949374024,70,-186,0.0035357019661952397,-0.01888582269748189,0.006036564332528458,-0.01604001379786133,162.65359477124184
0000889812-99-001116.txt.txt,104,-293,-2.100529111643011,-0.008850800786323368,Most Negative,20.01312089971884,10009,21354,0.4687178046267678,8.192735481738243,91,-203,0.00487028191439543,-0.013721082701133277,0.004261496675096001,-0.00950641565982954,162.65359477124184
0000889812-99-003241.txt.txt,131,-1104,-1.269270299351768,-0.02597298595841191,Most Negative,21.62933025404157,19890,37462,0.5309380171907533,8.86410730849293,272,-521,0.0034968768351929954,-0.029469862794298224,0.007260690833377823,-0.013907426191874434,162.65359477124184
0000914121-98-000672.txt.txt,19,-96,-1.4935065129026819,-0.016790231134585644,Most Negative,31.84722222222222,2121,4586,0.46249454862625383,12.92388670833939,32,-38,0.004143044047099869,-0.020933275185346708,0.006977758395115569,-0.008286088094199739,162.65359477124184
0000930661-96-001510.txt.txt,3,-76,-1.0821917956464628,-0.013098869547263794,Most Negative,15.102981029810298,2555,5573,0.4584604342364974,6.224576585618719,23,-45,0.0005383097075183922,-0.013637179257132604,0.004127041090974341,-0.008074645612775884,162.65359477124184
0000950123-01-502538.txt.txt,108,-390,-1.7659574530707711,-0.010032017075416861,Most Negative,26.89952153110048,13498,28110,0.480184987548915,10.951882607459758,151,-308,0.00384204909284952,-0.013874066168623266,0.005371753824261829,-0.01095695482034863,162.65359477124184
0000950123-01-504075.txt.txt,111,-391,-1.7928571492602041,-0.009954493742535748,Most Negative,25.04719501335708,13639,28128,0.4848905005688282,10.212834205570363,150,-296,0.003946245733788396,-0.013900739476678043,0.005332764505119454,-0.010523321956769055,162.65359477124184
0000950123-01-505366.txt.txt,72,-304,-1.620689662158145,-0.012062600737687173,Most Negative,25.37335092348285,9471,19233,0.49243487755420373,10.346314320414821,78,-205,0.003743565746373421,-0.015806166484687776,0.004055529558571205,-0.010658763583424323,162.65359477124184
0000950123-01-505598.txt.txt,78,-412,-1.4670658726558858,-0.019127247736849887,Most Negative,28.25566343042071,8086,17462,0.4630626503264231,11.487490432298856,61,-192,0.004466842286106975,-0.023594090024052227,0.0034932997365708395,-0.010995304088878707,162.65359477124184
0000950123-03-012528.txt.txt,32,-145,-1.5663716952776257,-0.01290691033547608,Most Negative,22.918848167539267,4232,8755,0.4833809251856082,9.36089163708995,71,-76,0.0036550542547115934,-0.01656196459166191,0.008109651627641348,-0.008680753854940035,162.65359477124184
0000950123-04-003250.txt.txt,94,-345,-1.7490039910318884,-0.008846750316902342,Most Negative,26.892890995260665,13297,28372,0.4686662907091499,10.944622914387928,187,-215,0.003313125616805301,-0.012159875934019456,0.006591005216410545,-0.007577893698012124,162.65359477124184
0000950123-04-003322.txt.txt,7,-31,-1.5833333993055583,-0.008945210581831826,Most Negative,26.30392156862745,1202,2683,0.44800596347372346,10.70077101284047,27,-15,0.002609019754006709,-0.011554230339172567,0.01006336190831159,-0.005590756615728662,162.65359477124184
0000950123-04-005950.txt.txt,23,-71,-1.958333374131945,-0.00786112020834243,Most Negative,24.326693227091635,2913,6106,0.4770717327219129,9.921505983925421,37,-46,0.0037667867671143137,-0.011627906976744186,0.006059613494923026,-0.0075335735342286275,162.65359477124184
0000950123-04-009350.txt.txt,30,-111,-1.7407407622313673,-0.011115685465745068,Most Negative,25.04123711340206,3271,7287,0.4488815699190339,10.19604747332844,37,-49,0.004116920543433511,-0.015232606010703994,0.005077535336901331,-0.0067243035542747355,162.65359477124184
0000950123-04-013054.txt.txt,31,-168,-1.4525547551281368,-0.011921336580932706,Most Negative,27.04,5256,11492,0.45736164288200487,10.998944657152803,97,-73,0.002697528715628263,-0.01461886529759833,0.008440654368256178,-0.006352245040027845,162.65359477124184
0000950123-05-003078.txt.txt,96,-410,-1.6114649732849202,-0.01056563141389126,Most Negative,21.258226037195993,14145,29719,0.47595814125643526,8.69367367138097,261,-252,0.0032302567381136647,-0.013795888152360443,0.008782260506746525,-0.00847942393754837,162.65359477124184
0000950123-05-005767.txt.txt,22,-69,-1.9361702539610692,-0.007269914925402952,Most Negative,25.45275590551181,3009,6465,0.4654292343387471,10.367274055940223,34,-38,0.003402938901778809,-0.010672853828306265,0.005259087393658159,-0.005877803557617943,162.65359477124184
0000950123-05-009475.txt.txt,29,-119,-1.6444444627160495,-0.011508951405177882,Most Negative,27.247386759581882,3443,7820,0.4402813299232737,11.075067235802063,40,-46,0.0037084398976982096,-0.015217391304347827,0.005115089514066497,-0.0058823529411764705,162.65359477124184
0000950123-05-013153.txt.txt,25,-80,-1.9090909438016535,-0.0072963650826086005,Most Negative,28.338345864661655,3323,7538,0.4408331122313611,11.511671590757206,40,-42,0.0033165295834438843,-0.01061289466702043,0.005306447333510215,-0.005571769700185725,162.65359477124184
0000950123-10-066865.txt.txt,82,-684,-1.2724252512830985,-0.029378751645630825,Most Negative,23.55287356321839,10734,20491,0.5238397345175931,9.630685319094395,197,-243,0.00400175686886926,-0.03338050851593383,0.00961397686789322,-0.011858864867502806,162.65359477124184
0000950123-10-066894.txt.txt,80,-671,-1.2707275825223816,-0.027711351806268516,Most Negative,24.856643356643357,10981,21327,0.5148872321470437,10.148612235516161,196,-243,0.003751113611853519,-0.03146246541942139,0.009190228349041122,-0.011394007596005064,162.65359477124184
0000950123-10-094605.txt.txt,95,-504,-1.464547680842415,-0.023307499428806274,Most Negative,31.73236889692586,8497,17548,0.48421472532482335,12.886633448900273,188,-205,0.005413722361522681,-0.02872122179165717,0.010713471620697515,-0.011682242990654205,162.65359477124184
0000950123-10-094615.txt.txt,92,-541,-1.4097995577055669,-0.028516989518671515,Most Negative,29.375,7724,15745,0.4905684344236265,11.946227373769451,173,-195,0.005843124801524293,-0.03436011432200699,0.010987615115909812,-0.012384884090187362,162.65359477124184
0000950129-06-002926.txt.txt,239,-1048,-1.59085290678721,-0.01787094921429961,Most Negative,22.645822911455728,21548,45269,0.4759990280324284,9.248728775795263,479,-622,0.005279551127703285,-0.023150500342397667,0.010581192427489011,-0.013740087035278004,162.65359477124184
0000950129-06-004690.txt.txt,11,-35,-1.9166667465277811,-0.0037042753505626986,Most Negative,19.996913580246915,2721,6479,0.4199722179348665,8.166754319272712,15,-46,0.001697792869269949,-0.005402068220404383,0.0023151720944590217,-0.007099861089674332,162.65359477124184
0000950129-06-005244.txt.txt,119,-819,-1.3400000019142857,-0.020999580007769858,Most Negative,29.922800718132855,16906,33334,0.507169856602868,12.17198822989429,557,-286,0.0035699286014279717,-0.024569508609827803,0.016709665806683868,-0.008579828403431931,162.65359477124184
0000950129-06-007243.txt.txt,41,-188,-1.557823139849137,-0.010300609627194968,Most Negative,21.331838565022423,6188,14271,0.43360661481325763,8.706178071934273,74,-163,0.00287295914792236,-0.013173568775839114,0.005185340901128162,-0.01142176441734987,162.65359477124184
0000950129-06-007244.txt.txt,15,-99,-1.3571428732993198,-0.009213557090137813,Most Negative,23.558139534883722,4469,9117,0.4901831742897883,9.619329083669406,55,-87,0.0016452780519907865,-0.01085883514313919,0.006032686190632883,-0.009542612701546561,162.65359477124184
0000950129-06-007871.txt.txt,32,-81,-2.306122496043316,-0.0043683694388545625,Most Negative,26.146853146853147,5450,11217,0.48586966211999644,10.653089123589258,55,-120,0.002852812695016493,-0.007221182134260497,0.004903271819559597,-0.010698047606311848,162.65359477124184
0000950129-06-009522.txt.txt,58,-191,-1.8721804652043643,-0.008880283100161562,Most Negative,28.527619047619048,7328,14977,0.4892835681378113,11.606761046302744,92,-225,0.0038726046604794016,-0.012752887761233891,0.006142752220070775,-0.015023035320825266,162.65359477124184
0000950129-07-001381.txt.txt,196,-674,-1.8200836858160747,-0.013250540555157439,Most Negative,19.59478544269419,16892,36074,0.4682596884182514,8.025218052444975,271,-710,0.005433276043687975,-0.01868381659921273,0.007512335754282863,-0.019681765260298276,162.65359477124184
0000950129-07-002432.txt.txt,183,-1347,-1.3144329908199597,-0.020401724681522737,Most Negative,28.961421319796955,30159,57054,0.5286044799663476,11.79601031990532,1074,-494,0.0032074876432853085,-0.02360921232516563,0.01882427174255968,-0.008658463911382199,162.65359477124184
0000950129-07-003918.txt.txt,40,-82,-2.904761973922904,-0.0036026762734943664,Most Negative,29.66412213740458,5431,11658,0.46586035340538684,12.051992996323987,48,-105,0.0034311202607651397,-0.007033796534568536,0.004117344312918168,-0.009006690684508493,162.65359477124184
0000950129-07-005361.txt.txt,110,-294,-2.195652185845936,-0.008885025833749335,Most Negative,25.629950495049506,10259,20709,0.4953884784393259,10.450135589395535,140,-177,0.005311700226954464,-0.014196726061132842,0.006760345743396591,-0.008547008547008548,162.65359477124184
0000950129-08-001569.txt.txt,213,-633,-2.0142857190816326,-0.011523582187518215,Most Negative,20.01482701812191,17132,36447,0.4700524048618542,8.193951769193506,300,-742,0.005844102395258869,-0.01736768458309326,0.008231130134167422,-0.020358328531840754,162.65359477124184
0000950129-08-002507.txt.txt,50,-124,-2.35135138312637,-0.005290248784294378,Most Negative,23.082508250825082,6543,13988,0.4677580783528739,9.420106531671182,84,-69,0.0035744924220760654,-0.008864741206748641,0.006005147269087789,-0.00493279954246497,162.65359477124184
0000950134-00-002454.txt.txt,173,-840,-1.51874063196213,-0.015794084913551797,Most Negative,24.39688041594454,21954,42231,0.5198550827591106,9.966694199481461,339,-536,0.004096516776775355,-0.019890601690701143,0.008027278539461533,-0.012692098221685492,162.65359477124184
0000950134-00-006067.txt.txt,21,-123,-1.4117647197231835,-0.0192525481277364,Most Negative,24.87323943661972,2391,5298,0.45130237825594566,10.129816725950267,27,-57,0.003963759909399773,-0.0232163080407701,0.005096262740656852,-0.010758776896942242,162.65359477124184
0000950134-01-002483.txt.txt,436,-2306,-1.4663101612119307,-0.019295457828391198,Most Negative,26.122371967654985,50570,96914,0.5218028355036424,10.657669921263452,1251,-990,0.0044988340177889675,-0.023794291846379264,0.012908351734527519,-0.010215242379841921,162.65359477124184
0000950134-01-500665.txt.txt,15,-108,-1.3225806593825877,-0.019431675716792378,Most Negative,23.346341463414635,2271,4786,0.47450898453823653,9.528340179181148,38,-67,0.0031341412452987882,-0.022565816966151276,0.007939824488090262,-0.013999164229001253,162.65359477124184
0000950134-02-001661.txt.txt,96,-419,-1.5944272495183507,-0.01384127528223169,Most Negative,22.140417457305503,11614,23336,0.49768597874528625,9.055241374420316,185,-358,0.00411381556393555,-0.01795509084676037,0.007927665409667467,-0.01534110387384299,162.65359477124184
0000950134-02-012680.txt.txt,7,-123,-1.1206896648335316,-0.02235067436948927,Most Negative,24.4811320754717,2530,5190,0.48747591522157996,9.987443196277312,35,-59,0.001348747591522158,-0.023699421965317918,0.00674373795761079,-0.011368015414258189,162.65359477124184
0000950134-02-012682.txt.txt,12,-169,-1.1528662493813138,-0.02152454071544769,Most Negative,25.59298245614035,3399,7294,0.46599945160405815,10.423592763097766,44,-73,0.0016451878256100905,-0.023169728544008773,0.006032355360570332,-0.01000822593912805,162.65359477124184
0000950134-06-023819.txt.txt,157,-564,-1.7714987758513483,-0.011234094233590933,Most Negative,21.323719835197174,15117,36229,0.4172624140881614,8.696392899714134,312,-235,0.004333544950178034,-0.015567639184079054,0.008611885506086284,-0.006486516326699605,162.65359477124184
0000950134-97-002428.txt.txt,171,-541,-1.9243243295252008,-0.011306340717759928,Most Negative,20.646687697160882,16462,32725,0.5030404889228418,8.45989127443349,291,-283,0.0052253628724216955,-0.01653170359052712,0.008892284186401834,-0.008647822765469824,162.65359477124184
0000950134-97-003934.txt.txt,12,-22,-3.400000340000034,-0.002302025782158834,Most Negative,27.49367088607595,1959,4344,0.4509668508287293,11.177855094761872,13,-47,0.0027624309392265192,-0.0050644567219152855,0.002992633517495396,-0.0108195211786372,162.65359477124184
0000950134-97-006223.txt.txt,28,-139,-1.5045045180585992,-0.013192298548467755,Most Negative,16.79441117764471,4176,8414,0.49631566436890895,6.916290736805448,44,-82,0.0033277870216306157,-0.01652008557166627,0.005229379605419538,-0.00974566199191823,162.65359477124184
0000950134-97-008577.txt.txt,9,-26,-2.0588236505190385,-0.0037134119694815612,Most Negative,28.25925925925926,2116,4578,0.46221057230231544,11.48858793262463,14,-45,0.001965923984272608,-0.005679335954565312,0.0030581039755351682,-0.009829619921363041,162.65359477124184
0000950134-98-002477.txt.txt,84,-247,-2.030674859083895,-0.0069479965896441604,Most Negative,21.15419296663661,11270,23460,0.4803921568627451,8.653834049399743,117,-197,0.0035805626598465474,-0.010528559249786872,0.0049872122762148335,-0.008397271952259165,162.65359477124184
0000950134-98-004241.txt.txt,10,-26,-2.2500001406250085,-0.004174276022913051,Most Negative,22.952095808383234,1725,3833,0.45003913383772504,9.360853976888384,18,-33,0.0026089225150013043,-0.006783198539003391,0.004696060527002348,-0.008609444299504304,162.65359477124184
0000950134-98-006988.txt.txt,27,-166,-1.3884892186222246,-0.013687838501852501,Most Negative,20.269461077844312,4541,10155,0.44716888232397833,8.286651984067317,71,-72,0.002658788774002954,-0.01634662727720335,0.0069916297390448055,-0.0070901033973412115,162.65359477124184
0000950170-98-000413.txt.txt,389,-2425,-1.3821218081444606,-0.021652664043160134,Most Negative,26.047091412742382,49955,94030,0.5312666170371159,10.6313432119118,1270,-821,0.004136977560353079,-0.025789641603743488,0.013506327767733702,-0.008731255982133361,162.65359477124184
0000950170-98-001001.txt.txt,234,-1205,-1.4819773444716553,-0.015876389796993517,Most Negative,25.398671096345517,33155,61160,0.5421026814911707,10.376309511134675,866,-740,0.003826030085022891,-0.019702419882275998,0.014159581425768477,-0.01209941137998692,162.65359477124184
0000950170-98-002145.txt.txt,170,-1187,-1.3343166188144706,-0.02062252864198271,Most Negative,22.254061371841154,25878,49315,0.5247490621514752,9.111524173597052,612,-466,0.003447227010037514,-0.024069755652438407,0.01241001723613505,-0.009449457568691068,162.65359477124184
0000950170-98-002278.txt.txt,28,-328,-1.1866666706222222,-0.030640384023017015,Most Negative,23.03764705882353,5077,9791,0.5185374323358186,9.42247379646374,69,-139,0.0028597691757736698,-0.03350015320192013,0.007047288326013686,-0.01419671126544786,162.65359477124184
0000950170-98-002401.txt.txt,76,-491,-1.3662650635331688,-0.025127149429333546,Most Negative,24.04075691411936,8385,16516,0.5076895131993219,9.819378570927473,244,-237,0.004601598449987891,-0.02972874788084282,0.014773552918382175,-0.01434972148219908,162.65359477124184
0000950170-98-002402.txt.txt,39,-288,-1.3132530173223012,-0.024067272373471168,Most Negative,22.442516268980476,5479,10346,0.5295766479798956,9.188837166784149,81,-169,0.0037695727817514016,-0.02783684515754881,0.007829112700560604,-0.016334815387589408,162.65359477124184
0000950170-99-000775.txt.txt,218,-1367,-1.3794604015487038,-0.02341886961613805,Most Negative,21.211846087332468,26262,49063,0.5352709781301592,8.698846826185052,398,-547,0.0044432668202107495,-0.027862136436826123,0.00811201924056825,-0.011148930966308623,162.65359477124184
0000950170-99-001005.txt.txt,41,-299,-1.3178294624722071,-0.02767646427508298,Most Negative,21.83138173302108,4935,9322,0.5293928341557605,8.944309826870736,65,-162,0.0043981978116284055,-0.03207466208968033,0.006972752628191375,-0.017378245011800044,162.65359477124184
0000950170-99-001361.txt.txt,96,-447,-1.5470085514159788,-0.023139297249446945,Most Negative,20.83653846153846,8052,15169,0.5308194343727338,8.546943158364478,125,-246,0.006328696684026633,-0.02946799393499901,0.008240490473993013,-0.016217285252818247,162.65359477124184
0000950170-99-001639.txt.txt,96,-537,-1.4353741529146806,-0.027303120354921797,Most Negative,20.760925449871465,8667,16152,0.5365898959881129,8.519006138343832,140,-274,0.005943536404160475,-0.03324665676077266,0.00866765725606736,-0.01696384348687469,162.65359477124184
0000950170-99-001640.txt.txt,74,-528,-1.3259911923479981,-0.03120274913874895,Most Negative,21.555555555555557,7769,14550,0.5339518900343643,8.835802978235968,125,-255,0.005085910652920962,-0.03628865979381443,0.00859106529209622,-0.01752577319587629,162.65359477124184
0000950170-99-001856.txt.txt,101,-715,-1.3289902301775085,-0.03078002807144676,Most Negative,20.84430512016719,10892,19948,0.5460196510928413,8.556129908504012,155,-343,0.005063164226990174,-0.03584319229997995,0.0077702025265690795,-0.017194706236214156,162.65359477124184
0000950172-98-000783.txt.txt,0,-7,-1.0000001428571632,-0.013307984765574174,Most Negative,26.3,245,526,0.46577946768060835,10.706311787072245,5,-9,0.0,-0.013307984790874524,0.009505703422053232,-0.017110266159695818,162.65359477124184
0000950172-98-001203.txt.txt,1,-7,-1.3333335555555925,-0.009104704083300904,Most Negative,26.36,285,659,0.4324734446130501,10.71698937784522,4,-10,0.0015174506828528073,-0.010622154779969651,0.006069802731411229,-0.015174506828528073,162.65359477124184
0000950172-99-000362.txt.txt,0,-5,-1.00000020000004,-0.008532423193630677,Most Negative,26.636363636363637,267,586,0.45563139931740615,10.836798014272418,3,-8,0.0,-0.008532423208191127,0.005119453924914676,-0.013651877133105802,162.65359477124184
0000950172-99-000584.txt.txt,0,-3,-1.0000003333334444,-0.005119453916178406,Most Negative,27.904761904761905,267,586,0.45563139931740615,11.344157321631725,3,-9,0.0,-0.005119453924914676,0.005119453924914676,-0.015358361774744027,162.65359477124184
0000950172-99-001074.txt.txt,0,-4,-1.0000002500000624,-0.007259528117496319,Most Negative,29.0,245,551,0.44464609800362975,11.777858439201452,3,-6,0.0,-0.007259528130671506,0.0054446460980036296,-0.010889292196007259,162.65359477124184
0000950172-99-001626.txt.txt,0,-2,-1.0000005000002499,-0.0038387715857221274,Most Negative,26.05,227,521,0.43570057581573896,10.594280230326298,3,-5,0.0,-0.003838771593090211,0.005758157389635317,-0.009596928982725527,162.65359477124184
0001021408-99-000543.txt.txt,239,-815,-1.8298611142879533,-0.010955360708846923,Most Negative,26.893606138107415,26432,52577,0.5027293303155372,10.958534187369182,316,-484,0.004545713905319816,-0.015501074614375106,0.006010232611217833,-0.009205546151358959,162.65359477124184
0001047469-03-013301.txt.txt,308,-1553,-1.4947791176664893,-0.016871976257038502,Most Negative,20.395522388059703,38015,73791,0.515171226843382,8.364277445961234,678,-958,0.004173950752801832,-0.02104592701006898,0.00918811237142741,-0.012982613055792711,162.65359477124184
0001047469-98-045227.txt.txt,99,-305,-1.961165058063908,-0.010898894237823455,Most Negative,24.263157894736842,9601,18901,0.5079625416644622,9.908448174560522,124,-231,0.005237818104862176,-0.01613671234326226,0.006560499444473837,-0.012221575578011746,162.65359477124184
0001104659-07-024804.txt.txt,100,-210,-2.818181843801653,-0.006025086267950644,Most Negative,21.96991576413959,8378,18257,0.45889247959686696,8.971523297494583,122,-210,0.005477351152982418,-0.011502437421263077,0.006682368406638549,-0.011502437421263077,162.65359477124184
0001104659-07-040463.txt.txt,0,-3,-1.0000003333334444,-0.005859374988555909,Most Negative,26.94736842105263,205,512,0.400390625,10.939103618421052,3,-8,0.0,-0.005859375,0.005859375,-0.015625,162.65359477124184
0001104659-07-041441.txt.txt,11,-58,-1.4680851376188326,-0.012553418800065861,Most Negative,23.84713375796178,1771,3744,0.47302350427350426,9.728062904894115,22,-54,0.002938034188034188,-0.015491452991452992,0.005876068376068376,-0.014423076923076924,162.65359477124184
0001104659-07-042333.txt.txt,97,-217,-2.6166666884722223,-0.006538440581564952,Most Negative,20.808390022675738,8383,18353,0.456764561652046,8.506061833731115,123,-209,0.005285239470386313,-0.011823680052307524,0.006701901596469242,-0.011387784013512777,162.65359477124184
0001104659-07-062470.txt.txt,18,-89,-1.5070422747470742,-0.013549618318024882,Most Negative,22.982456140350877,2482,5240,0.47366412213740455,9.382448104995312,33,-54,0.003435114503816794,-0.01698473282442748,0.006297709923664122,-0.010305343511450382,162.65359477124184
0001193125-14-167067.txt.txt,233,-1172,-1.4962726320514086,-0.02013077500224824,Most Negative,33.011323425336165,21605,46645,0.4631793332618716,13.389801103439215,399,-452,0.0049951763318683675,-0.02512595133454818,0.008553971486761711,-0.009690213313324043,162.65359477124184
0001193125-14-286961.txt.txt,296,-1247,-1.6225026305178787,-0.018874290477139,Most Negative,35.35859649122807,22281,50386,0.44220616838010557,14.32032106384327,363,-480,0.005874647719604652,-0.024748938197118247,0.0072043821696502995,-0.009526455761521058,162.65359477124184
StopWords_Generic.txt,0,0,0.0,0.0,Neutral,0.0,0,0,0.0,0.0,0,0,0.0,0.0,0.0,0.0,162.65359477124184
